word,tf-idf-pos,tf-idf-neg,tf-idf-val,node-label
(สูง - ADJ),0.9956130378462474,0,0.9956130378462474,pos
(น้อย - ADJ),0.605641928389133,0,0.605641928389133,pos
(ระมัดระวัง - ADJ),0.5689217359121413,0,0.5689217359121413,pos
(เล็ก - ADJ),0.4608815850014088,0,0.4608815850014088,pos
(เย็น - ADJ),0.4225490200071284,0,0.4225490200071284,pos
(ส่วนตัว - ADJ),0.4225490200071284,0,0.4225490200071284,pos
(สุดท้าย - ADJ),0.398245215138499,0,0.398245215138499,pos
(ลับ - ADJ),0.398245215138499,0,0.398245215138499,pos
(ลาดชัน - ADJ),0.398245215138499,0,0.398245215138499,pos
(แหลม - ADJ),0.3453939601942799,0,0.3453939601942799,pos
(กว้าง - ADJ),0.33803921600570275,0,0.33803921600570275,pos
(ไกล - ADJ),0.3318710126154158,0,0.3318710126154158,pos
(สั้น - ADJ),0.3318710126154158,0,0.3318710126154158,pos
(สวย - ADJ),0.33183474120101436,0,0.33183474120101436,pos
(ดี - ADJ),0.2854293706609062,0,0.2854293706609062,pos
(เดียว - ADJ),0.28169934667141894,0,0.28169934667141894,pos
(ส่วนใหญ่ - ADJ),0.26332257756049254,0,0.26332257756049254,pos
(พิเศษ - ADJ),0.25352941200427703,0,0.25352941200427703,pos
(งดงาม - ADJ),0.252350803495472,0,0.252350803495472,pos
(สวยงาม - ADJ),0.23768382375400973,0,0.23768382375400973,pos
(มาก - ADJ),0.5120640417414359,-0.3010299956639812,0.21103404607745474,pos
(ที่ผ่านมา - ADJ),0,-0.20068666377598746,-0.20068666377598746,neg
(แจ่มใส - ADJ),0.1991226075692495,0,0.1991226075692495,pos
(มากมาย - ADJ),0.18460801019378228,0,0.18460801019378228,pos
(สงบ - ADJ),0.18102055233568135,0,0.18102055233568135,pos
(เงียบสงบ - ADJ),0.18102055233568135,0,0.18102055233568135,pos
(นัก - ADJ),0.18102055233568135,0,0.18102055233568135,pos
(โรแมนติก - ADJ),0.18102055233568135,0,0.18102055233568135,pos
(นักท่องเที่ยว - ADJ),0.18102055233568135,0,0.18102055233568135,pos
(สำคัญ - ADJ),0.18102055233568135,0,0.18102055233568135,pos
(โปรด - ADJ),0.16901960800285137,0,0.16901960800285137,pos
(หนาแน่น - ADJ),0.15365418909350123,0,0.15365418909350123,pos
(เยอะ - ADJ),0,-0.1505149978319906,-0.1505149978319906,neg
