word,tf-idf-pos,tf-idf-neg,tf-idf-val,node-label
(แน่น - ADV),0.9722413360750843,0,0.9722413360750843,pos
(แว่นตา - ADV),0.6481608907167229,0,0.6481608907167229,pos
(คืน - ADV),0.48612066803754217,-1.0791812460476249,-0.5930605780100827,neg
(พักผ่อน - ADV),0.48612066803754217,0,0.48612066803754217,pos
(แต - ADV),0,-0.35972708201587494,-0.35972708201587494,neg
(ก่อน - ADV),0.2777832388785955,0,0.2777832388785955,pos
(แน่นอน - ADV),0.2777832388785955,0,0.2777832388785955,pos
(เกิน - ADV),0.08349756699766418,-0.3010299956639812,-0.217532428666317,neg
(ยา - ADV),0.2160536302389076,0,0.2160536302389076,pos
(จริง - ADV),0.1887140405779015,0,0.1887140405779015,pos
(สุด - ADV),0.15651930252249402,0,0.15651930252249402,pos
(ง่าย - ADV),0.13974870642195295,0,0.13974870642195295,pos
(ค่อนข้าง - ADV),0.1106780893852091,0,0.1106780893852091,pos
(ชาย - ADV),0.0747877950826988,0,0.0747877950826988,pos
(มากมาย - ADV),0.15069055929613062,-0.22232892868104104,-0.07163836938491042,neg
(ที่สุด - ADV),0.16965036025028524,-0.23856062735983122,-0.06891026710954598,neg
(พอ - ADV),0.06573810705944749,0,0.06573810705944749,pos
(กัน - ADV),0.06003898697662639,0,0.06003898697662639,pos
(มาก - ADV),0.15281137176704787,-0.1754821115592028,-0.02267073979215492,neg
