word,tf-idf-pos,tf-idf-neg,tf-idf-val,node-label
(นาน - ADV),1.9444826721501687,0,1.9444826721501687,pos
(อย่า - ADV),0.9722413360750843,0,0.9722413360750843,pos
(ล่วงหน้า - ADV),0.9722413360750843,0,0.9722413360750843,pos
(แน่น - ADV),0.9722413360750843,0,0.9722413360750843,pos
(ทั่วไป - ADV),0.9722413360750843,0,0.9722413360750843,pos
(สุด - ADV),0.15651930252249402,-1.0791812460476249,-0.9226619435251309,neg
(นัก - ADV),0.8217263382430937,0,0.8217263382430937,pos
(เสมอ - ADV),0.8217263382430937,0,0.8217263382430937,pos
(ปลอด - ADV),0.6481608907167229,0,0.6481608907167229,pos
(ค่อนข้าง - ADV),0.1456447944925074,-0.7194541640317499,-0.5738093695392426,neg
(อบอุ่น - ADV),0.555566477757191,0,0.555566477757191,pos
(เลย - ADV),0,-0.5395906230238124,-0.5395906230238124,neg
(คืน - ADV),0.555566477757191,-1.0791812460476249,-0.5236147682904339,neg
(แล้ว - ADV),0.48612066803754217,0,0.48612066803754217,pos
(พักผ่อน - ADV),0.48612066803754217,0,0.48612066803754217,pos
(แต - ADV),0,-0.43167249841905,-0.43167249841905,neg
(แว่นตา - ADV),0.38889653443003375,0,0.38889653443003375,pos
(ก่อน - ADV),0.2777832388785955,0,0.2777832388785955,pos
(แน่นอน - ADV),0.2777832388785955,0,0.2777832388785955,pos
(ยา - ADV),0.2160536302389076,0,0.2160536302389076,pos
(จริง - ADV),0.1887140405779015,0,0.1887140405779015,pos
(ชาย - ADV),0.18817574246614535,0,0.18817574246614535,pos
(ง่าย - ADV),0.17967690825679666,0,0.17967690825679666,pos
(เกิน - ADV),0.1278354223413851,-0.3010299956639812,-0.1731945733225961,neg
(มากมาย - ADV),0.17731051266413042,-0.31126050015345746,-0.13394998748932704,neg
(กัน - ADV),0.1071663638507525,0,0.1071663638507525,pos
(พอ - ADV),0.09481457748958774,0,0.09481457748958774,pos
(ที่สุด - ADV),0.22698318095770575,-0.3036226166397852,-0.07663943568207943,neg
(มาก - ADV),0.17810784885010647,-0.20738795002451235,-0.02928010117440588,neg
