word,tf-idf-pos,tf-idf-neg,tf-idf-val,node-label
(โปรด - ADJ),1.9444826721501687,0,1.9444826721501687,pos
(แน่น - ADJ),1.9444826721501687,0,1.9444826721501687,pos
(สกปรก - ADJ),0,-1.0791812460476249,-1.0791812460476249,neg
(ที่สุด - ADJ),0.9722413360750843,0,0.9722413360750843,pos
(ใหม่ - ADJ),0.1467361417430506,-1.0791812460476249,-0.9324451043045743,neg
(พิเศษ - ADJ),0.8217263382430937,0,0.8217263382430937,pos
(น้อย - ADJ),0.1767711520136517,-0.8633449968381,-0.6865738448244483,neg
(เดียว - ADJ),0.5478175588287291,0,0.5478175588287291,pos
(ยิ่งใหญ่ - ADJ),0.48612066803754217,0,0.48612066803754217,pos
(มากมาย - ADJ),0.20131443323063777,-0.5836134377877327,-0.38229900455709487,neg
(เล็ก - ADJ),0.3286905352972375,0,0.3286905352972375,pos
(ตื้น - ADJ),0.32408044535836145,0,0.32408044535836145,pos
(ขาว - ADJ),0.29347369222967634,0,0.29347369222967634,pos
(สูง - ADJ),0.2777832388785955,0,0.2777832388785955,pos
(สะอาด - ADJ),0.2724558960843453,0,0.2724558960843453,pos
(สด - ADJ),0.26679298498736476,0,0.26679298498736476,pos
(สวยงาม - ADJ),0.2857127350338588,-0.5395906230238124,-0.25387788798995364,neg
(จริง - ADJ),0.24456023623841766,0,0.24456023623841766,pos
(สั้น - ADJ),0.24306033401877108,0,0.24306033401877108,pos
(ดี - ADJ),0.2092056681783473,0,0.2092056681783473,pos
(ใหญ่ - ADJ),0.2633725621029113,-0.43004285094854455,-0.16667028884563323,neg
(มาก - ADJ),0.13253650616824092,0,0.13253650616824092,pos
(ใส - ADJ),0.12153016700938554,0,0.12153016700938554,pos
