word,tf-idf-pos,tf-idf-neg,tf-idf-val,node-label
(ค่อนข้าง - ADV),0.007202734030549859,-0.043824619128837554,-0.0366218850982877,neg
(เลย - ADV),0,-0.022161717472194937,-0.022161717472194937,neg
(หลาย - ADV),0.00621328956574404,-0.026241489265595743,-0.020028199699851704,neg
(บาง - ADV),0.007450161897467456,-0.026176341756024707,-0.018726179858557252,neg
(ทุก - ADV),0.005260251180588072,-0.0217803148962343,-0.016520063715646228,neg
(ทั่ว - ADV),0.011225769648129696,0,0.011225769648129696,pos
(ไป - ADV),0.00992082995994984,0,0.00992082995994984,pos
(มาก - ADV),0.003812859335270367,-0.012175126214923405,-0.008362266879653038,neg
(ประมาณ - ADV),0.008018485245980077,0,0.008018485245980077,pos
(น้อย - ADV),0.007243073198698781,0,0.007243073198698781,pos
(จริง - ADV),0.006919867160676756,0,0.006919867160676756,pos
(อีก - ADV),0.006762034181707401,0,0.006762034181707401,pos
(มากมาย - ADV),0.006718253148640521,0,0.006718253148640521,pos
(ทั้ง - ADV),0.006648963888201348,0,0.006648963888201348,pos
(อยู่ - ADV),0.00635451853643846,0,0.00635451853643846,pos
(แค่ - ADV),0.006044955313961496,0,0.006044955313961496,pos
(ตลอด - ADV),0.006030485770097033,0,0.006030485770097033,pos
(ขึ้น - ADV),0.0059519908366163915,0,0.0059519908366163915,pos
(ง่าย - ADV),0.005946430190061678,0,0.005946430190061678,pos
(เพียง - ADV),0.005894779547606377,0,0.005894779547606377,pos
(เสมอ - ADV),0.005890511385255152,0,0.005890511385255152,pos
(สุด - ADV),0.00588147685859065,0,0.00588147685859065,pos
(ที่สุด - ADV),0.007440045096175736,-0.0115565726964014,-0.0041165276002256635,neg
.] - ADV),0.003988682404410603,0,0.003988682404410603,pos
(ยิ่ง - ADV),0.003964286793374452,0,0.003964286793374452,pos
(ไว้ - ADV),0.0029915625227941002,0,0.0029915625227941002,pos
