word,tf-idf-pos,tf-idf-neg,tf-idf-val,node-label
(ค่อนข้าง - ADV),0.012515581724176444,-0.05766617345292652,-0.04515059172875007,neg
(ทั่ว - ADV),0.027108497756473195,0,0.027108497756473195,pos
(เลย - ADV),0,-0.025374175879722554,-0.025374175879722554,neg
(หลาย - ADV),0.009029966841652588,-0.03286846434662817,-0.023838497504975582,neg
(ทุก - ADV),0.00901412470756891,-0.03160005077700075,-0.02258592606943184,neg
(บาง - ADV),0.011321343323675806,-0.029700429403955866,-0.01837908608028006,neg
(เสมอ - ADV),0.013554248878236598,0,0.013554248878236598,pos
(ทั้ง - ADV),0.011964182632199519,0,0.011964182632199519,pos
(ตลอด - ADV),0.010928814226503714,0,0.010928814226503714,pos
(มาก - ADV),0.00822925608628854,-0.018743377088512037,-0.010514121002223497,neg
(อีก - ADV),0.010481152981646471,0,0.010481152981646471,pos
(ไป - ADV),0.00992082995994984,0,0.00992082995994984,pos
(แค่ - ADV),0.00893552332429442,0,0.00893552332429442,pos
(เพียง - ADV),0.008513361460487956,0,0.008513361460487956,pos
(ประมาณ - ADV),0.008018485245980077,0,0.008018485245980077,pos
(จริง - ADV),0.007888367838337398,0,0.007888367838337398,pos
(น้อย - ADV),0.007243073198698781,0,0.007243073198698781,pos
(มากมาย - ADV),0.006718253148640521,0,0.006718253148640521,pos
(สุด - ADV),0.006717109031959894,0,0.006717109031959894,pos
(ขึ้น - ADV),0.006617483244065391,0,0.006617483244065391,pos
(อยู่ - ADV),0.00635451853643846,0,0.00635451853643846,pos
(ง่าย - ADV),0.005946430190061678,0,0.005946430190061678,pos
(ที่สุด - ADV),0.012951158919365834,-0.017230116693879426,-0.004278957774513592,neg
.] - ADV),0.0040092426229900386,0,0.0040092426229900386,pos
(ยิ่ง - ADV),0.003964286793374452,0,0.003964286793374452,pos
(ไว้ - ADV),0.0029915625227941002,0,0.0029915625227941002,pos
