word,tf-idf-pos,tf-idf-neg,tf-idf-val,node-label
(แน่น - ADJ),1.9444826721501687,0,1.9444826721501687,pos
(สกปรก - ADJ),0,-1.0791812460476249,-1.0791812460476249,neg
(ที่สุด - ADJ),0.9722413360750843,0,0.9722413360750843,pos
(ใหม่ - ADJ),0.1467361417430506,-1.0791812460476249,-0.9324451043045743,neg
(พิเศษ - ADJ),0.8217263382430937,0,0.8217263382430937,pos
(น้อย - ADJ),0.1767711520136517,-0.8093859345357186,-0.6326147825220669,neg
(เดียว - ADJ),0.5478175588287291,0,0.5478175588287291,pos
(ยิ่งใหญ่ - ADJ),0.48612066803754217,0,0.48612066803754217,pos
(มากมาย - ADJ),0.1900028289928096,-0.5187675002557623,-0.3287646712629527,neg
(ตื้น - ADJ),0.28807150698521017,0,0.28807150698521017,pos
(สูง - ADJ),0.2777832388785955,0,0.2777832388785955,pos
(เล็ก - ADJ),0.27390877941436453,0,0.27390877941436453,pos
(สวยงาม - ADJ),0.2737177980528455,-0.5395906230238124,-0.2658728249709669,neg
(ขาว - ADJ),0.26295242823778997,0,0.26295242823778997,pos
(สด - ADJ),0.24456023623841766,0,0.24456023623841766,pos
(สั้น - ADJ),0.24306033401877108,0,0.24306033401877108,pos
(สะอาด - ADJ),0.24106696796402902,0,0.24106696796402902,pos
(ใหญ่ - ADJ),0.21578844373978032,-0.43004285094854455,-0.21425440720876424,neg
(ดี - ADJ),0.20387297467576196,0,0.20387297467576196,pos
(จริง - ADJ),0.19139496749093557,0,0.19139496749093557,pos
(มาก - ADJ),0.13253650616824092,0,0.13253650616824092,pos
(ใส - ADJ),0.12153016700938554,0,0.12153016700938554,pos
