word,tf-idf-pos,tf-idf-neg,tf-idf-val,node-label
(ใหม่ - ADJ),0.016362553531138652,-0.09250124966122499,-0.07613869613008634,neg
(น้อย - ADJ),0.016362553531138652,-0.08910670838925344,-0.07274415485811479,neg
(ใหญ่ - ADJ),0.016304015749227845,-0.08285229238458199,-0.06654827663535415,neg
(จริง - ADJ),0.01343464166518266,-0.061667499774149995,-0.04823285810896734,neg
(มากมาย - ADJ),0.011602888333625426,-0.04829904312726064,-0.036696154793635215,neg
(สกปรก - ADJ),0.016362553531138652,-0.04559920757947711,-0.029236654048338456,neg
(พิเศษ - ADJ),0.025598951347136877,0,0.025598951347136877,pos
(สวยงาม - ADJ),0.016750857253091278,-0.03960298150633486,-0.02285212425324358,neg
(สด - ADJ),0.019366191296037137,0,0.019366191296037137,pos
(ดี - ADJ),0.018514743693628564,0,0.018514743693628564,pos
(โปรด - ADJ),0.018172735253739893,0,0.018172735253739893,pos
(หวาน - ADJ),0.018172735253739893,0,0.018172735253739893,pos
 - ADJ),0.016362553531138652,0,0.016362553531138652,pos
(ที่สุด - ADJ),0.016362553531138652,0,0.016362553531138652,pos
(เดียว - ADJ),0.016362553531138652,0,0.016362553531138652,pos
(มาก - ADJ),0.016362553531138652,0,0.016362553531138652,pos
(ใส - ADJ),0.016362553531138652,0,0.016362553531138652,pos
(ยิ่งใหญ่ - ADJ),0.016362553531138652,0,0.016362553531138652,pos
(สูง - ADJ),0.016362553531138652,0,0.016362553531138652,pos
(แน่น - ADJ),0.016362553531138652,0,0.016362553531138652,pos
(ขาว - ADJ),0.016362553531138652,0,0.016362553531138652,pos
(เล็ก - ADJ),0.015217154411909142,0,0.015217154411909142,pos
(ตื้น - ADJ),0.014832056995806015,0,0.014832056995806015,pos
(สุด - ADJ),0.016362553531138652,-0.030833749887074997,-0.014471196355936345,neg
(สะอาด - ADJ),0.014261595432986449,0,0.014261595432986449,pos
(สั้น - ADJ),0.008974535409923856,0,0.008974535409923856,pos
