word,tf-idf-pos,tf-idf-neg,tf-idf-val,node-label
(ค่อนข้าง - ADV),0.007202734030549859,-0.043824619128837554,-0.0366218850982877,neg
(บาง - ADV),0.007450161897467456,-0.029700429403955866,-0.02225026750648841,neg
(เลย - ADV),0,-0.022161717472194937,-0.022161717472194937,neg
(ทุก - ADV),0.0055096688498711245,-0.02673038646356028,-0.021220717613689155,neg
(หลาย - ADV),0.00621328956574404,-0.026241489265595743,-0.020028199699851704,neg
(ทั่ว - ADV),0.011225769648129696,0,0.011225769648129696,pos
(ไป - ADV),0.00992082995994984,0,0.00992082995994984,pos
(มาก - ADV),0.003886205659533968,-0.013332330810292873,-0.009446125150758905,neg
(ประมาณ - ADV),0.008018485245980077,0,0.008018485245980077,pos
(น้อย - ADV),0.007243073198698781,0,0.007243073198698781,pos
(ทั้ง - ADV),0.006959251286870929,0,0.006959251286870929,pos
(จริง - ADV),0.006919867160676756,0,0.006919867160676756,pos
(อีก - ADV),0.006762034181707401,0,0.006762034181707401,pos
(มากมาย - ADV),0.006718253148640521,0,0.006718253148640521,pos
(ตลอด - ADV),0.006530932690754612,0,0.006530932690754612,pos
(แค่ - ADV),0.006424487858202613,0,0.006424487858202613,pos
(อยู่ - ADV),0.00635451853643846,0,0.00635451853643846,pos
(ขึ้น - ADV),0.0059519908366163915,0,0.0059519908366163915,pos
(ง่าย - ADV),0.005946430190061678,0,0.005946430190061678,pos
(เพียง - ADV),0.005894779547606377,0,0.005894779547606377,pos
(เสมอ - ADV),0.005890511385255152,0,0.005890511385255152,pos
(สุด - ADV),0.00588147685859065,0,0.00588147685859065,pos
(ที่สุด - ADV),0.007440045096175736,-0.012182147710827174,-0.004742102614651438,neg
.] - ADV),0.003988682404410603,0,0.003988682404410603,pos
(ยิ่ง - ADV),0.003964286793374452,0,0.003964286793374452,pos
(ไว้ - ADV),0.0029915625227941002,0,0.0029915625227941002,pos
