word,tf-idf-pos,tf-idf-neg,tf-idf-val,node-label
(ค่อนข้าง - ADV),0.009118316593053306,-0.043824619128837554,-0.034706302535784245,neg
(ทุก - ADV),0.006836633224109469,-0.03160005077700075,-0.024763417552891284,neg
(เลย - ADV),0,-0.022161717472194937,-0.022161717472194937,neg
(หลาย - ADV),0.007757864718151226,-0.02861465425126278,-0.020856789533111555,neg
(บาง - ADV),0.010296348888946387,-0.029700429403955866,-0.019404080515009477,neg
(ทั่ว - ADV),0.015185907688270725,0,0.015185907688270725,pos
(ไป - ADV),0.00992082995994984,0,0.00992082995994984,pos
(มาก - ADV),0.005533811511053149,-0.014886098686680388,-0.00935228717562724,neg
(ทั้ง - ADV),0.008884620011157557,0,0.008884620011157557,pos
(ตลอด - ADV),0.008209606428584273,0,0.008209606428584273,pos
(ประมาณ - ADV),0.008018485245980077,0,0.008018485245980077,pos
(อีก - ADV),0.0080074292902074,0,0.0080074292902074,pos
(จริง - ADV),0.007888367838337398,0,0.007888367838337398,pos
(แค่ - ADV),0.007507395529304578,0,0.007507395529304578,pos
(น้อย - ADV),0.007243073198698781,0,0.007243073198698781,pos
(เสมอ - ADV),0.006721687838389315,0,0.006721687838389315,pos
(มากมาย - ADV),0.006718253148640521,0,0.006718253148640521,pos
(เพียง - ADV),0.0066233009594277945,0,0.0066233009594277945,pos
(ขึ้น - ADV),0.006381320885069274,0,0.006381320885069274,pos
(อยู่ - ADV),0.00635451853643846,0,0.00635451853643846,pos
(ง่าย - ADV),0.005946430190061678,0,0.005946430190061678,pos
(สุด - ADV),0.00588147685859065,0,0.00588147685859065,pos
.] - ADV),0.003988682404410603,0,0.003988682404410603,pos
(ยิ่ง - ADV),0.003964286793374452,0,0.003964286793374452,pos
(ไว้ - ADV),0.0029915625227941002,0,0.0029915625227941002,pos
(ที่สุด - ADV),0.010043731309733316,-0.012961746876532022,-0.0029180155667987064,neg
