word,tf-idf-pos,tf-idf-neg,tf-idf-val,node-label
(ค่อนข้าง - ADV),0.008152234162473494,-0.043824619128837554,-0.03567238496636406,neg
(เลย - ADV),0,-0.022161717472194937,-0.022161717472194937,neg
(หลาย - ADV),0.006470195676956623,-0.02861465425126278,-0.022144458574306157,neg
(บาง - ADV),0.008218358950861692,-0.029700429403955866,-0.021482070453094172,neg
(ทุก - ADV),0.005648289383074841,-0.02673038646356028,-0.02108209708048544,neg
(ทั่ว - ADV),0.011225769648129696,0,0.011225769648129696,pos
(มาก - ADV),0.004530998221557612,-0.014886098686680388,-0.010355100465122776,neg
(ไป - ADV),0.00992082995994984,0,0.00992082995994984,pos
(ประมาณ - ADV),0.008018485245980077,0,0.008018485245980077,pos
(อีก - ADV),0.0080074292902074,0,0.0080074292902074,pos
(น้อย - ADV),0.007243073198698781,0,0.007243073198698781,pos
(ทั้ง - ADV),0.006959251286870929,0,0.006959251286870929,pos
(จริง - ADV),0.006919867160676756,0,0.006919867160676756,pos
(มากมาย - ADV),0.006718253148640521,0,0.006718253148640521,pos
(ตลอด - ADV),0.006530932690754612,0,0.006530932690754612,pos
(แค่ - ADV),0.006424487858202613,0,0.006424487858202613,pos
(ขึ้น - ADV),0.006381320885069274,0,0.006381320885069274,pos
(อยู่ - ADV),0.00635451853643846,0,0.00635451853643846,pos
(ง่าย - ADV),0.005946430190061678,0,0.005946430190061678,pos
(เพียง - ADV),0.005928992333406873,0,0.005928992333406873,pos
(เสมอ - ADV),0.005890511385255152,0,0.005890511385255152,pos
(สุด - ADV),0.00588147685859065,0,0.00588147685859065,pos
.] - ADV),0.003988682404410603,0,0.003988682404410603,pos
(ยิ่ง - ADV),0.003964286793374452,0,0.003964286793374452,pos
(ที่สุด - ADV),0.008497370835835528,-0.012182147710827174,-0.003684776874991646,neg
(ไว้ - ADV),0.0029915625227941002,0,0.0029915625227941002,pos
