word,tf-idf-pos,tf-idf-neg,tf-idf-val,node-label
(แค่ - ADV),0.997817597298775,0,0.997817597298775,pos
(เช่นกัน - ADV),0.997817597298775,0,0.997817597298775,pos
(เหงื่อ - ADV),0.997817597298775,0,0.997817597298775,pos
(ล้อมรอบ - ADV),0.5648683996445228,0,0.5648683996445228,pos
(เล็กน้อย - ADV),0.5648683996445228,0,0.5648683996445228,pos
(ต่างๆ - ADV),0.4989087986493875,0,0.4989087986493875,pos
(สุด - ADV),0.4989087986493875,0,0.4989087986493875,pos
(ทั้งคู่ - ADV),0.4989087986493875,0,0.4989087986493875,pos
(ที่นี่ - ADV),0.432221730087177,0,0.432221730087177,pos
(ประมาณ - ADV),0.3946372318187269,0,0.3946372318187269,pos
(ที่สุด - ADV),0.36865405009705987,0,0.36865405009705987,pos
(ใกล้ - ADV),0.3628427626541,0,0.3628427626541,pos
(จริงๆ - ADV),0.33892103978671373,0,0.33892103978671373,pos
(เยี่ยม - ADV),0.2608894166172656,0,0.2608894166172656,pos
(เพียง - ADV),0.2322625338782646,0,0.2322625338782646,pos
(จึง - ADV),0.22594735985780914,-0.0,0.22594735985780914,pos
(ขึ้น - ADV),0.199563519459755,0,0.199563519459755,pos
(ดัง - ADV),0.18142138132705,0,0.18142138132705,pos
(เงียบสงบ - ADV),0.18142138132705,0,0.18142138132705,pos
(. - ADV),0.18142138132705,0,0.18142138132705,pos
(มิเช่นนั้น - ADV),0.18142138132705,0,0.18142138132705,pos
(พร้อม - ADV),0.18142138132705,0,0.18142138132705,pos
(ลง - ADV),0.18142138132705,0,0.18142138132705,pos
(ต่อไป - ADV),0.18142138132705,0,0.18142138132705,pos
(ก็ - ADV),0.16990143178386238,0,0.16990143178386238,pos
(ชม - ADV),0.16872377109754305,0,0.16872377109754305,pos
(ไกล - ADV),0.15405501808486988,0,0.15405501808486988,pos
(ดังนั้น - ADV),0.15405501808486988,0,0.15405501808486988,pos
(กว่า - ADV),0.1178786536601392,0,0.1178786536601392,pos
(กางเกงขาสั้น - ADV),0.10503343129460789,0,0.10503343129460789,pos
(มัก - ADV),0.10503343129460789,0,0.10503343129460789,pos
(ชัด - ADV),0.10503343129460789,0,0.10503343129460789,pos
(มาก - ADV),0.10035945780015854,0,0.10035945780015854,pos
(ไว้ - ADV),0.08918974731229308,0,0.08918974731229308,pos
(อย่างยิ่ง - ADV),0.08918974731229308,0,0.08918974731229308,pos
