word,tf-idf-pos,tf-idf-neg,tf-idf-val,node-label
(เร็ว - ADV),0.9956130378462474,0,0.9956130378462474,pos
(รอบ - ADV),0.4225490200071284,0,0.4225490200071284,pos
(ดี - ADV),0.37852620524320807,0,0.37852620524320807,pos
(น้อย - ADV),0.37852620524320807,0,0.37852620524320807,pos
(พัก - ADV),0.3733548891923428,0,0.3733548891923428,pos
(จริง - ADV),0.34006738719907265,0,0.34006738719907265,pos
(พิเศษ - ADV),0.33803921600570275,0,0.33803921600570275,pos
(แจ่มใส - ADV),0.3318710126154158,0,0.3318710126154158,pos
(ที่สุด - ADV),0.31749019681311635,0,0.31749019681311635,pos
(เงียบ - ADV),0.30634247318346075,0,0.30634247318346075,pos
(หลัง - ADV),0.24890325946156186,0,0.24890325946156186,pos
(สุด - ADV),0.23745834763356743,0,0.23745834763356743,pos
(ร้อย - ADV),0.2112745100035642,0,0.2112745100035642,pos
(พอ - ADV),0.18779956444761262,0,0.18779956444761262,pos
(มากมาย - ADV),0.18135601478342522,0,0.18135601478342522,pos
(กัน - ADV),0.17545654467713162,0,0.17545654467713162,pos
(ค่อนข้าง - ADV),0.16855513974214906,0,0.16855513974214906,pos
(มาก - ADV),0.15328249220466686,-0.3010299956639812,-0.14774750345931434,neg
(เกิน - ADV),0.08489837301320281,0,0.08489837301320281,pos
(นัก - ADV),0.37852620524320807,-0.3010299956639812,0.07749620957922687,pos
