word,tf-idf-pos,tf-idf-neg,tf-idf-val,node-label
(ประมาณ - ADV),0.019079829168062553,0,0.019079829168062553,pos
(ทั้ง - ADV),0.01816404234303693,0,0.01816404234303693,pos
(แต่ละ - ADV),0.012359997185052573,0,0.012359997185052573,pos
(ทั่ว - ADV),0.011104488364215301,0,0.011104488364215301,pos
(เพียง - ADV),0.010552097900190802,0,0.010552097900190802,pos
(หลาย - ADV),0.010184253472338499,0,0.010184253472338499,pos
(ค่อนข้าง - ADV),0.010099245786348958,0,0.010099245786348958,pos
(ที่สุด - ADV),0.0095656809444605,0,0.0095656809444605,pos
(น้อย - ADV),0.009443068744152445,0,0.009443068744152445,pos
(ง่าย - ADV),0.009318140986447704,0,0.009318140986447704,pos
(อีก - ADV),0.008407980149005677,0,0.008407980149005677,pos
(ขึ้น - ADV),0.008327142639361702,0,0.008327142639361702,pos
(ทุก - ADV),0.008290815234781162,0,0.008290815234781162,pos
(อยู่ - ADV),0.008063149241555441,0,0.008063149241555441,pos
(ไป - ADV),0.00790947584099682,0,0.00790947584099682,pos
(ตลอด - ADV),0.007681428770583333,0,0.007681428770583333,pos
(บาง - ADV),0.007648200586592263,0,0.007648200586592263,pos
(แค่ - ADV),0.007516516740480414,0,0.007516516740480414,pos
(แรก - ADV),0.007460318484476822,0,0.007460318484476822,pos
(เล็กน้อย - ADV),0.007069270794120966,0,0.007069270794120966,pos
(ไว้ - ADV),0.00652272978804299,0,0.00652272978804299,pos
(เลย - ADV),0.006037785744418891,0,0.006037785744418891,pos
(มาก - ADV),0.005961849232959433,0,0.005961849232959433,pos
