word,tf-idf-pos,tf-idf-neg,tf-idf-val,node-label
(ใกล้เคียง - ADJ),1.99563519459755,0,1.99563519459755,pos
(โปรด - ADJ),1.6946051989335686,0,1.6946051989335686,pos
(อบอุ่น - ADJ),0.997817597298775,0,0.997817597298775,pos
(ไกล - ADJ),0.6652117315325166,0,0.6652117315325166,pos
(สั้น - ADJ),0.42365129973339216,0,0.42365129973339216,pos
(เดียว - ADJ),0.3323593676036889,0,0.3323593676036889,pos
(ร้อน - ADJ),0.2824341998222614,0,0.2824341998222614,pos
(เก่า - ADJ),0.24945439932469374,-0.0,0.24945439932469374,pos
(สวยงาม - ADJ),0.23049673187115055,0,0.23049673187115055,pos
(จริง - ADJ),0.20945019860384656,0,0.20945019860384656,pos
(ดี - ADJ),0.19908217189565536,0,0.19908217189565536,pos
(ใหญ่ - ADJ),0.19694549275953874,0,0.19694549275953874,pos
(หนาแน่น - ADJ),0.18142138132705,0,0.18142138132705,pos
(*ใหญ่ - ADJ),0.18142138132705,0,0.18142138132705,pos
(ง่าย - ADJ),0.18142138132705,0,0.18142138132705,pos
(มาก - ADJ),0.1597933028366438,0,0.1597933028366438,pos
(น้อย - ADJ),0.15405501808486988,0,0.15405501808486988,pos
(ที่สุด - ADJ),0.15384163274289353,0,0.15384163274289353,pos
(งดงาม - ADJ),0.13740042153515422,0,0.13740042153515422,pos
(มากมาย - ADJ),0.13288561093486428,0,0.13288561093486428,pos
(เล็ก - ADJ),0.1058681690620788,0,0.1058681690620788,pos
(สุด - ADJ),0.09282024160918836,0,0.09282024160918836,pos
