word,tf-idf-pos,tf-idf-neg,tf-idf-val,node-label
(ประมาณ - ADV),0.019079829168062553,0,0.019079829168062553,pos
(ทั้ง - ADV),0.01816404234303693,0,0.01816404234303693,pos
(ทั่ว - ADV),0.014271527017384147,0,0.014271527017384147,pos
(อีก - ADV),0.013409523946192227,0,0.013409523946192227,pos
(หลาย - ADV),0.012815329379540585,0,0.012815329379540585,pos
(เพียง - ADV),0.012423305553203125,0,0.012423305553203125,pos
(แต่ละ - ADV),0.012359997185052573,0,0.012359997185052573,pos
(ทุก - ADV),0.011404438492751632,0,0.011404438492751632,pos
(บาง - ADV),0.010734453277305126,0,0.010734453277305126,pos
(ขึ้น - ADV),0.010625170424801544,0,0.010625170424801544,pos
(ที่สุด - ADV),0.010576728621862782,0,0.010576728621862782,pos
(ค่อนข้าง - ADV),0.010099245786348958,0,0.010099245786348958,pos
(เล็กน้อย - ADV),0.01006297624069815,0,0.01006297624069815,pos
(น้อย - ADV),0.009443068744152445,0,0.009443068744152445,pos
(ง่าย - ADV),0.009318140986447704,0,0.009318140986447704,pos
(แรก - ADV),0.009217714524699999,0,0.009217714524699999,pos
(มาก - ADV),0.0088056207979981,0,0.0088056207979981,pos
(อยู่ - ADV),0.008063149241555441,0,0.008063149241555441,pos
(ไป - ADV),0.00790947584099682,0,0.00790947584099682,pos
(ตลอด - ADV),0.007681428770583333,0,0.007681428770583333,pos
(แค่ - ADV),0.007516516740480414,0,0.007516516740480414,pos
(ไว้ - ADV),0.00652272978804299,0,0.00652272978804299,pos
(เลย - ADV),0.006037785744418891,0,0.006037785744418891,pos
