word,tf-idf-pos,tf-idf-neg,tf-idf-val,node-label
(ประมาณ - ADV),0.015308916059758338,0,0.015308916059758338,pos
(ทั้ง - ADV),0.010891911104922087,0,0.010891911104922087,pos
(แต่ละ - ADV),0.009513008237292953,0,0.009513008237292953,pos
(ทั่ว - ADV),0.00857313448753124,0,0.00857313448753124,pos
(เพียง - ADV),0.008399266651988922,0,0.008399266651988922,pos
(ขึ้น - ADV),0.008327142639361702,0,0.008327142639361702,pos
(น้อย - ADV),0.008261056393957925,0,0.008261056393957925,pos
(อยู่ - ADV),0.008063149241555441,0,0.008063149241555441,pos
(ค่อนข้าง - ADV),0.007914036404866105,0,0.007914036404866105,pos
(ไป - ADV),0.00790947584099682,0,0.00790947584099682,pos
(ที่สุด - ADV),0.007758823269595979,0,0.007758823269595979,pos
(ตลอด - ADV),0.007681428770583333,0,0.007681428770583333,pos
(หลาย - ADV),0.0075708027060136926,0,0.0075708027060136926,pos
(ง่าย - ADV),0.007530698847537924,0,0.007530698847537924,pos
(แค่ - ADV),0.007516516740480414,0,0.007516516740480414,pos
(แรก - ADV),0.007460318484476822,0,0.007460318484476822,pos
(เล็กน้อย - ADV),0.007069270794120966,0,0.007069270794120966,pos
(บาง - ADV),0.006905902981094294,0,0.006905902981094294,pos
(อีก - ADV),0.006806761394593518,0,0.006806761394593518,pos
(ทุก - ADV),0.006604220171611464,0,0.006604220171611464,pos
(ไว้ - ADV),0.00652272978804299,0,0.00652272978804299,pos
(เลย - ADV),0.006037785744418891,0,0.006037785744418891,pos
(มาก - ADV),0.004276261810337645,0,0.004276261810337645,pos
