word,tf-idf-pos,tf-idf-neg,tf-idf-val,node-label
(ทั้ง - ADV),0.6748950843901722,0,0.6748950843901722,pos
(ทั่ว - ADV),0.5321693852260133,0,0.5321693852260133,pos
(เล็กน้อย - ADV),0.3631296854857647,0,0.3631296854857647,pos
(ประมาณ - ADV),0.30872980720512644,0,0.30872980720512644,pos
(อยู่ - ADV),0.26070849214362596,0,0.26070849214362596,pos
(น้อย - ADV),0.2217372438441722,0,0.2217372438441722,pos
(ที่สุด - ADV),0.21261731606358264,0,0.21261731606358264,pos
(หลาย - ADV),0.2121053835922002,0,0.2121053835922002,pos
(แต่ละ - ADV),0.20945019860384656,0,0.20945019860384656,pos
(ทุก - ADV),0.19167459782554497,0,0.19167459782554497,pos
(อีก - ADV),0.1851439099329437,0,0.1851439099329437,pos
(แค่ - ADV),0.18142138132705,0,0.18142138132705,pos
(เพียง - ADV),0.1784243711347966,0,0.1784243711347966,pos
(บาง - ADV),0.176564522197692,0,0.176564522197692,pos
(ค่อนข้าง - ADV),0.1704499488271545,0,0.1704499488271545,pos
(เลย - ADV),0.16946051989335686,0,0.16946051989335686,pos
(ง่าย - ADV),0.15755014694191183,0,0.15755014694191183,pos
(มาก - ADV),0.15058529516401611,0,0.15058529516401611,pos
(ขึ้น - ADV),0.13320297718227084,0,0.13320297718227084,pos
(แรก - ADV),0.13304234630650333,0,0.13304234630650333,pos
(ไป - ADV),0.10167631193601412,0,0.10167631193601412,pos
(ตลอด - ADV),0.07826020370970783,0,0.07826020370970783,pos
(ไว้ - ADV),0.0664551058405321,0,0.0664551058405321,pos
