word,tf-idf-pos,tf-idf-neg,tf-idf-val,node-label
(โปรด - ADJ),0.012912116730546323,-0.16723888647998955,-0.15432676974944323,neg
(ร้อน - ADJ),0.023426189125794056,0,0.023426189125794056,pos
(สด - ADJ),0.02322129534335271,0,0.02322129534335271,pos
(แหลม - ADJ),0.01985903951590633,0,0.01985903951590633,pos
(ใหญ่ - ADJ),0.01685881170345306,0,0.01685881170345306,pos
(ใกล้เคียง - ADJ),0.015586896874305242,0,0.015586896874305242,pos
(เขียว - ADJ),0.01546583359761161,0,0.01546583359761161,pos
(จริง - ADJ),0.014127926479855014,0,0.014127926479855014,pos
(งดงาม - ADJ),0.013082484924256147,0,0.013082484924256147,pos
(เดียว - ADJ),0.012968601556395965,0,0.012968601556395965,pos
(ไกล - ADJ),0.012879858186885479,0,0.012879858186885479,pos
(เล็ก - ADJ),0.011753375912843571,0,0.011753375912843571,pos
(มาก - ADJ),0.01173395768798455,0,0.01173395768798455,pos
(น้อย - ADJ),0.01168065435658887,0,0.01168065435658887,pos
(งาม - ADJ),0.011588124591808894,0,0.011588124591808894,pos
(ดี - ADJ),0.011581643374927716,0,0.011581643374927716,pos
(สั้น - ADJ),0.011465793142183272,0,0.011465793142183272,pos
(มากมาย - ADJ),0.011443511594031001,0,0.011443511594031001,pos
(พิเศษ - ADJ),0.011387269066602113,0,0.011387269066602113,pos
(หนาแน่น - ADJ),0.011378434718242828,0,0.011378434718242828,pos
(สวย - ADJ),0.011193748452558503,0,0.011193748452558503,pos
(สวยงาม - ADJ),0.010967775588457485,0,0.010967775588457485,pos
(ที่สุด - ADJ),0.010264051936559252,0,0.010264051936559252,pos
(สูง - ADJ),0.009884187602505926,0,0.009884187602505926,pos
(สะอาด - ADJ),0.008746163415412749,0,0.008746163415412749,pos
