word,tf-idf-pos,tf-idf-neg,tf-idf-val,node-label
(มาก - ADV),0.005300911759481879,-0.3010299956639812,-0.2957290839044993,neg
(ประมาณ - ADV),0.015625907978702797,0,0.015625907978702797,pos
(เล็กน้อย - ADV),0.014077420856152366,0,0.014077420856152366,pos
(ทั่ว - ADV),0.012523434438317578,0,0.012523434438317578,pos
(อยู่ - ADV),0.01249723478468093,0,0.01249723478468093,pos
(บาง - ADV),0.00935474937997563,0,0.00935474937997563,pos
(แค่ - ADV),0.009308021440406756,0,0.009308021440406756,pos
(ทุก - ADV),0.009252427152567749,0,0.009252427152567749,pos
(ที่สุด - ADV),0.009232122765739743,0,0.009232122765739743,pos
(แท้จริง - ADV),0.008360409299399078,0,0.008360409299399078,pos
(อีก - ADV),0.008005716497820193,0,0.008005716497820193,pos
(หลาย - ADV),0.007986991860822773,0,0.007986991860822773,pos
(เพียง - ADV),0.007909754071041934,0,0.007909754071041934,pos
(ตลอด - ADV),0.007473656136180503,0,0.007473656136180503,pos
(สุด - ADV),0.007393903207478265,0,0.007393903207478265,pos
(ค่อนข้าง - ADV),0.0070374734995587536,0,0.0070374734995587536,pos
(แต่ละ - ADV),0.006909181386858067,0,0.006909181386858067,pos
(เสมอ - ADV),0.0069043899989337555,0,0.0069043899989337555,pos
(ขึ้น - ADV),0.006791418769172721,0,0.006791418769172721,pos
(ทั้ง - ADV),0.006788620268242314,0,0.006788620268242314,pos
(*มาก - ADV),0.006203196497484407,0,0.006203196497484407,pos
(น้อย - ADV),0.006190340131686512,0,0.006190340131686512,pos
(ไว้ - ADV),0.006167969258727397,0,0.006167969258727397,pos
(ไป - ADV),0.0061525598336971375,0,0.0061525598336971375,pos
(ลง - ADV),0.005504425917601921,0,0.005504425917601921,pos
(ง่ายดาย - ADV),0.005496828366300883,0,0.005496828366300883,pos
(ได้ - ADV),0.00417447814610586,0,0.00417447814610586,pos
