word,tf-idf-pos,tf-idf-neg,tf-idf-val,node-label
(โปรด - ADJ),0.017094271353006462,-0.3010299956639812,-0.28393572431097475,neg
(สด - ADJ),0.05466110796018613,0,0.05466110796018613,pos
(แหลม - ADJ),0.023473102634582264,0,0.023473102634582264,pos
(เขียว - ADJ),0.023426189125794056,0,0.023426189125794056,pos
(งาม - ADJ),0.023426189125794056,0,0.023426189125794056,pos
(ร้อน - ADJ),0.023426189125794056,0,0.023426189125794056,pos
(ใกล้เคียง - ADJ),0.023426189125794056,0,0.023426189125794056,pos
(ใหญ่ - ADJ),0.022684671673137778,0,0.022684671673137778,pos
(เล็ก - ADJ),0.020916658434897144,0,0.020916658434897144,pos
(จริง - ADJ),0.02046657206568282,0,0.02046657206568282,pos
(มาก - ADJ),0.017845313965004,0,0.017845313965004,pos
(สวย - ADJ),0.016075912849410706,0,0.016075912849410706,pos
(เดียว - ADJ),0.01593080371977675,0,0.01593080371977675,pos
(สวยงาม - ADJ),0.01569623268104628,0,0.01569623268104628,pos
(ดี - ADJ),0.015577844055562338,0,0.015577844055562338,pos
(มากมาย - ADJ),0.015204149435419607,0,0.015204149435419607,pos
(น้อย - ADJ),0.01361430153732797,0,0.01361430153732797,pos
(งดงาม - ADJ),0.013607674591305045,0,0.013607674591305045,pos
(พิเศษ - ADJ),0.01296825636850522,0,0.01296825636850522,pos
(ไกล - ADJ),0.012879858186885479,0,0.012879858186885479,pos
(สั้น - ADJ),0.011465793142183272,0,0.011465793142183272,pos
(หนาแน่น - ADJ),0.011378434718242828,0,0.011378434718242828,pos
(ที่สุด - ADJ),0.010264051936559252,0,0.010264051936559252,pos
(สูง - ADJ),0.009884187602505926,0,0.009884187602505926,pos
(สะอาด - ADJ),0.009845802407933089,0,0.009845802407933089,pos
