word,tf-idf-pos,tf-idf-neg,tf-idf-val,node-label
(ใกล้เคียง - ADJ),1.9912260756924949,0,1.9912260756924949,pos
(สด - ADJ),1.1062367087180527,0,1.1062367087180527,pos
(สูง - ADJ),0.5633986933428379,0,0.5633986933428379,pos
(ใหญ่ - ADJ),0.5556664337458129,0,0.5556664337458129,pos
(งาม - ADJ),0.543061657007044,0,0.543061657007044,pos
(ไกล - ADJ),0.4978065189231237,0,0.4978065189231237,pos
(เล็ก - ADJ),0.4814566557604003,0,0.4814566557604003,pos
(สะอาด - ADJ),0.4225490200071284,0,0.4225490200071284,pos
(แหลม - ADJ),0.41911007719669496,0,0.41911007719669496,pos
(เขียว - ADJ),0.398245215138499,0,0.398245215138499,pos
(ที่สุด - ADJ),0.3620411046713627,0,0.3620411046713627,pos
(ดี - ADJ),0.33803921600570275,0,0.33803921600570275,pos
(น้อย - ADJ),0.31172746314146543,0,0.31172746314146543,pos
(งดงาม - ADJ),0.2912767596248213,0,0.2912767596248213,pos
(สวย - ADJ),0.27205390975925814,0,0.27205390975925814,pos
(พิเศษ - ADJ),0.26687306526766,0,0.26687306526766,pos
(จริง - ADJ),0.2491582686257039,0,0.2491582686257039,pos
(มาก - ADJ),0.24780651892312372,0,0.24780651892312372,pos
(สวยงาม - ADJ),0.2400722469231483,0,0.2400722469231483,pos
(มากมาย - ADJ),0.23322966486882232,0,0.23322966486882232,pos
(เดียว - ADJ),0.23152768072742205,0,0.23152768072742205,pos
(สั้น - ADJ),0.18102055233568135,0,0.18102055233568135,pos
(หนาแน่น - ADJ),0.13274840504616633,0,0.13274840504616633,pos
(โปรด - ADJ),0.19884659765041338,-0.3010299956639812,-0.10218339801356782,neg
