word,tf-idf-pos,tf-idf-neg,tf-idf-val,node-label
(สด - ADJ),1.1062367087180527,0,1.1062367087180527,pos
(สูง - ADJ),0.5633986933428379,0,0.5633986933428379,pos
(งาม - ADJ),0.543061657007044,0,0.543061657007044,pos
(ใหญ่ - ADJ),0.5402312550306515,0,0.5402312550306515,pos
(ไกล - ADJ),0.4978065189231237,0,0.4978065189231237,pos
(เล็ก - ADJ),0.4387238164917257,0,0.4387238164917257,pos
(สะอาด - ADJ),0.4225490200071284,0,0.4225490200071284,pos
(เขียว - ADJ),0.398245215138499,0,0.398245215138499,pos
(ที่สุด - ADJ),0.3620411046713627,0,0.3620411046713627,pos
(แหลม - ADJ),0.34206778359436135,0,0.34206778359436135,pos
(น้อย - ADJ),0.29305254599474173,0,0.29305254599474173,pos
(งดงาม - ADJ),0.2912767596248213,0,0.2912767596248213,pos
(ดี - ADJ),0.28974789943345947,0,0.28974789943345947,pos
(สวย - ADJ),0.27205390975925814,0,0.27205390975925814,pos
(พิเศษ - ADJ),0.26687306526766,0,0.26687306526766,pos
(มาก - ADJ),0.24780651892312372,0,0.24780651892312372,pos
(สวยงาม - ADJ),0.22957446408278126,0,0.22957446408278126,pos
(จริง - ADJ),0.20838691557786146,0,0.20838691557786146,pos
(มากมาย - ADJ),0.20453871403178464,0,0.20453871403178464,pos
(โปรด - ADJ),0.19884659765041338,0,0.19884659765041338,pos
(เดียว - ADJ),0.19845229776636175,0,0.19845229776636175,pos
(สั้น - ADJ),0.18102055233568135,0,0.18102055233568135,pos
(หนาแน่น - ADJ),0.13274840504616633,0,0.13274840504616633,pos
