word,tf-idf-pos,tf-idf-neg,tf-idf-val,node-label
(มาก - ADV),0.0036099178529595214,-0.3010299956639812,-0.2974200778110217,neg
(เล็กน้อย - ADV),0.010456525006718455,0,0.010456525006718455,pos
(ประมาณ - ADV),0.009516666012860926,0,0.009516666012860926,pos
(ที่สุด - ADV),0.008385929217655779,0,0.008385929217655779,pos
(บาง - ADV),0.008026761046768477,0,0.008026761046768477,pos
(ทุก - ADV),0.0074998165711194,0,0.0074998165711194,pos
(อยู่ - ADV),0.00749207135503029,0,0.00749207135503029,pos
(ตลอด - ADV),0.007473656136180503,0,0.007473656136180503,pos
(หลาย - ADV),0.007365239917102087,0,0.007365239917102087,pos
(ทั่ว - ADV),0.006947753229911008,0,0.006947753229911008,pos
(ค่อนข้าง - ADV),0.006805327467646744,0,0.006805327467646744,pos
(แค่ - ADV),0.006602706357237506,0,0.006602706357237506,pos
(แท้จริง - ADV),0.006564718073647774,0,0.006564718073647774,pos
(สุด - ADV),0.006484181238099183,0,0.006484181238099183,pos
(ทั้ง - ADV),0.00636210709578444,0,0.00636210709578444,pos
(เสมอ - ADV),0.0062225814865390465,0,0.0062225814865390465,pos
(แต่ละ - ADV),0.006219342245786033,0,0.006219342245786033,pos
(น้อย - ADV),0.006190340131686512,0,0.006190340131686512,pos
(ไว้ - ADV),0.006167969258727397,0,0.006167969258727397,pos
(เพียง - ADV),0.005930594408820668,0,0.005930594408820668,pos
(ขึ้น - ADV),0.005893984361945159,0,0.005893984361945159,pos
(อีก - ADV),0.005743360317139894,0,0.005743360317139894,pos
(ไป - ADV),0.005631640416588134,0,0.005631640416588134,pos
(*มาก - ADV),0.005527345109486453,0,0.005527345109486453,pos
(ลง - ADV),0.005504425917601921,0,0.005504425917601921,pos
(ง่ายดาย - ADV),0.005496828366300883,0,0.005496828366300883,pos
(ได้ - ADV),0.00417447814610586,0,0.00417447814610586,pos
