word,tf-idf-pos,tf-idf-neg,tf-idf-val,node-label
(มาก - ADV),0.00437502190613862,-0.3010299956639812,-0.29665497375784255,neg
(เล็กน้อย - ADV),0.014077420856152366,0,0.014077420856152366,pos
(ทั่ว - ADV),0.012523434438317578,0,0.012523434438317578,pos
(อยู่ - ADV),0.01249723478468093,0,0.01249723478468093,pos
(ประมาณ - ADV),0.01025901548015416,0,0.01025901548015416,pos
(บาง - ADV),0.008625937911972728,0,0.008625937911972728,pos
(ที่สุด - ADV),0.00861006813172737,0,0.00861006813172737,pos
(อีก - ADV),0.008005716497820193,0,0.008005716497820193,pos
(แค่ - ADV),0.007572751384683186,0,0.007572751384683186,pos
(แท้จริง - ADV),0.007566304765967864,0,0.007566304765967864,pos
(ทุก - ADV),0.0074998165711194,0,0.0074998165711194,pos
(ตลอด - ADV),0.007473656136180503,0,0.007473656136180503,pos
(หลาย - ADV),0.007150820612720654,0,0.007150820612720654,pos
(ค่อนข้าง - ADV),0.0070374734995587536,0,0.0070374734995587536,pos
(เสมอ - ADV),0.0069043899989337555,0,0.0069043899989337555,pos
(เพียง - ADV),0.006884970871981225,0,0.006884970871981225,pos
(ทั้ง - ADV),0.006788620268242314,0,0.006788620268242314,pos
(สุด - ADV),0.006608465937449409,0,0.006608465937449409,pos
(ขึ้น - ADV),0.00628915608498285,0,0.00628915608498285,pos
(แต่ละ - ADV),0.006219342245786033,0,0.006219342245786033,pos
(*มาก - ADV),0.006203196497484407,0,0.006203196497484407,pos
(น้อย - ADV),0.006190340131686512,0,0.006190340131686512,pos
(ไว้ - ADV),0.006167969258727397,0,0.006167969258727397,pos
(ไป - ADV),0.005631640416588134,0,0.005631640416588134,pos
(ลง - ADV),0.005504425917601921,0,0.005504425917601921,pos
(ง่ายดาย - ADV),0.005496828366300883,0,0.005496828366300883,pos
(ได้ - ADV),0.00417447814610586,0,0.00417447814610586,pos
