word,tf-idf-pos,tf-idf-neg,tf-idf-val,node-label
(ทั่ว - ADV),1.9912260756924949,0,1.9912260756924949,pos
(อยู่ - ADV),1.1378434718242827,0,1.1378434718242827,pos
(เสมอ - ADV),0.4978065189231237,0,0.4978065189231237,pos
(แต่ละ - ADV),0.4595137097751911,0,0.4595137097751911,pos
(ไป - ADV),0.4225490200071284,0,0.4225490200071284,pos
(*มาก - ADV),0.398245215138499,0,0.398245215138499,pos
(สุด - ADV),0.3567659307214922,0,0.3567659307214922,pos
(ประมาณ - ADV),0.30499263867461385,0,0.30499263867461385,pos
(น้อย - ADV),0.271530828503522,0,0.271530828503522,pos
(แท้จริง - ADV),0.2572037513086869,0,0.2572037513086869,pos
(ลง - ADV),0.24890325946156186,0,0.24890325946156186,pos
(ทุก - ADV),0.24289705155479654,0,0.24289705155479654,pos
(ที่สุด - ADV),0.2421371521525479,0,0.2421371521525479,pos
(ง่ายดาย - ADV),0.22124734174361052,0,0.22124734174361052,pos
(อีก - ADV),0.21537601189274602,0,0.21537601189274602,pos
(บาง - ADV),0.20701496973182804,0,0.20701496973182804,pos
(ไว้ - ADV),0.20598890438198222,0,0.20598890438198222,pos
(หลาย - ADV),0.19845229776636175,0,0.19845229776636175,pos
(แค่ - ADV),0.18926310262160403,0,0.18926310262160403,pos
(เล็กน้อย - ADV),0.17812997893798027,0,0.17812997893798027,pos
(ทั้ง - ADV),0.16895263188217285,0,0.16895263188217285,pos
(มาก - ADV),0.14749541313009457,0,0.14749541313009457,pos
(เพียง - ADV),0.14236719430198466,0,0.14236719430198466,pos
(ตลอด - ADV),0.13001508307911644,0,0.13001508307911644,pos
(ค่อนข้าง - ADV),0.11450370252525738,0,0.11450370252525738,pos
(ขึ้น - ADV),0.1123700931614327,0,0.1123700931614327,pos
